,Year,Month,tasmax,sfcWind,pr,nr_predictions
0,2024,1,277.81828076923074,4.376294529230769,51.553846788923074,0.16429139416061075
1,2024,2,275.54292189743586,3.7635721323076923,13.482758797587692,2.459327008760958
2,2024,3,282.0540633333333,4.178627013846154,21.255087097993847,0.6512082004404255
3,2024,4,290.9348997948718,3.595162456923077,20.208205404996924,24.029318913612283
4,2024,5,294.97614799999997,2.951546784102564,47.807941205907696,7.718771601658744
5,2024,6,298.6517548717949,2.811812011794872,36.67076967876923,24.96472039031007
6,2024,7,298.32522953846154,3.196790798974359,32.45210968763077,47.89739029508372
7,2024,8,301.5845007179487,2.915004192307692,22.257568605932306,53.24850709126447
8,2024,9,293.2255321538462,3.2368547646153845,13.941025843790769,20.44342969316727
9,2024,10,284.41973774358974,3.6865012876923076,20.658561139495383,1.1590734055187355
10,2024,11,279.2359413846154,3.076598324615385,19.279487377329232,0.3303030189622503
11,2024,12,281.67565056410257,4.690239937435898,35.83275465156923,0.422461270646661
12,2025,1,280.6860738461538,5.252456676410257,51.81439271483077,0.15145249013477938
13,2025,2,279.8152504615385,4.903424986666667,24.327472800738462,0.590030487672404
14,2025,3,286.35351897435896,4.216228347179487,40.36476468228923,1.8379512668500637
15,2025,4,286.9359763076923,3.7863077364102566,18.73794887246769,4.112868105063262
16,2025,5,294.0047337435897,3.65910675948718,63.13647723618461,6.809866823837681
17,2025,6,297.6909676410256,3.2765641543589745,87.51384762535385,14.273637322605822
18,2025,7,298.38162302564103,3.0499090697435896,35.77320151753846,25.438874547846755
19,2025,8,297.8237404102564,2.8024814343589743,41.19404530486154,14.009705207880193
20,2025,9,292.9736175897436,3.4216069000000005,48.22307756086154,15.700359124048827
21,2025,10,289.81035830769235,4.369942171794872,51.17419430252308,6.8317404665898875
22,2025,11,282.5822502051282,3.701589793846154,45.6958979712,0.2734456295299572
23,2025,12,275.83062102564105,2.960628667179487,18.914144135926154,0.09016481393388172
24,2026,1,276.6550064615385,4.267295347179488,45.95880950252308,0.2794829248521413
25,2026,2,276.90503184615386,3.7445788179487183,42.788461992369236,0.3965985189530296
26,2026,3,279.6540794871795,4.092655158974359,48.42134055803077,0.25347735415964345
27,2026,4,289.3997552820513,3.5163419312820516,33.78051326990769,8.129658847235367
28,2026,5,290.67462666666665,3.637535202051282,135.77816569403078,2.77208706383314
29,2026,6,293.03908774358973,3.9910940625641027,104.25128384492308,0.7530634627972963
30,2026,7,297.4867510769231,3.4295947676923078,94.94838880393846,13.048667387673772
31,2026,8,296.9391265128205,3.11604638,75.26997612553846,7.898167450830236
32,2026,9,289.5840629230769,3.5213333923076924,100.78051385796924,1.8275756209417557
33,2026,10,283.4719133846154,3.582266394871795,82.51513783532307,0.1294533381805975
34,2026,11,280.4388666666667,3.874000066666667,45.27743644578461,0.25984487552716484
35,2026,12,277.5166428205128,4.131447528717949,48.285856704738464,0.26031625818547466
36,2027,1,273.9148576410256,3.6428288415384613,17.555831425772308,3.3767510253806474
37,2027,2,275.5119532307692,3.705952441025641,10.203846280615386,2.699405323964274
38,2027,3,280.4359982051282,3.5116791297435896,16.42034759084308,2.410545332444341
39,2027,4,288.28688282051286,3.4115214261538465,23.658974562904614,4.241191168685402
40,2027,5,294.24144169230766,3.2221836728205124,30.644665481796924,68.8005002156546
41,2027,6,294.60584,2.9260000410256413,113.33897595913845,2.6978903306411297
42,2027,7,296.7710544102564,3.218229992820513,61.54640267505231,10.034624358511303
43,2027,8,297.08842153846155,2.9758809476923074,63.07196112,8.966669424966353
44,2027,9,290.65859271794875,3.388444498974359,73.53436004529232,1.8987462302370197
45,2027,10,287.46539502564104,4.166220077948718,56.87394587003077,2.192598458157987
46,2027,11,281.7318577435897,3.9385299656410253,25.19487214094769,0.5241488824007173
47,2027,12,278.80046512820513,4.617022414871795,61.73349960073846,0.13350360948152165
48,2028,1,278.59659364102566,4.42352363948718,49.77568285587692,0.261361806839719
49,2028,2,277.6741306153846,4.227444823076923,18.772413984,0.8098418520407304
50,2028,3,282.6994066666667,4.175186156923077,35.76724604529231,0.5255776603553232
51,2028,4,288.0169001025641,3.6580342446153846,48.337436448000005,3.2824098185710233
52,2028,5,293.8532690769231,3.1810257061538465,77.09032367556922,1.193184206822815
53,2028,6,292.9547467692308,3.988085538461539,137.9282072964923,0.6812812923730874
54,2028,7,298.7927387179487,2.979735362051282,53.54739551409231,34.096200649154106
55,2028,8,296.0535995897436,3.267196083589744,75.74689923396923,7.2136119616747525
56,2028,9,293.2976525641026,2.7457436225641025,79.99333456541538,1.1847608579812507
57,2028,10,289.1645845641026,3.690868543076923,52.02481442510769,4.250000164257634
58,2028,11,282.90117312820513,3.727350473846154,55.28820573636923,0.12422117823414484
59,2028,12,280.69144984615383,4.556542665641026,64.4600504736,0.13139296632525557
60,2029,1,273.37616533333335,4.151861108717949,32.55335018363077,0.47356369154144506
61,2029,2,272.2787106153846,3.4802564671794873,15.591758371643076,2.414274916408866
62,2029,3,282.4483563076923,4.4845493076923075,50.08139022793846,0.3273142161364341
63,2029,4,286.742284974359,3.438649637948718,52.133846905107696,0.9497685038355564
64,2029,5,293.8395071282051,3.295401213846154,53.89230834166154,9.346805126660596
65,2029,6,297.00990902564104,2.9803931969230772,80.61384708332308,9.003040751553463
66,2029,7,298.4060561538462,3.3918280128205125,50.804963445267695,25.637410948645574
67,2029,8,297.9857427179487,3.297121652820513,45.8560800420923,27.422554306492614
68,2029,9,290.7124048717949,3.7559829512820513,43.69948784418462,12.066952670789668
69,2029,10,288.7793902051282,4.098230002564103,50.14689887409231,3.7261966952947176
70,2029,11,279.4941661025641,4.1716752815384615,51.87128248246154,0.15145249013477938
71,2029,12,277.4818222051282,3.523110078461538,40.951365144369234,0.02296889367397037
72,2030,1,275.4489844102564,4.298312732307693,38.47344953870769,0.4099689568661778
73,2030,2,278.17241143589746,4.43652022,28.84780246331077,0.51691233265478
74,2030,3,283.2490507179487,4.505392958974359,95.67146529969231,0.2685157389153516
75,2030,4,286.2433285128205,3.9146325374358977,43.31487242215384,1.7795817065109112
76,2030,5,291.23454348717945,3.5342266953846155,64.37419458756922,9.175840535760015
77,2030,6,296.541226,3.1591795307692307,45.31230827667692,8.96961321783514
78,2030,7,296.5113668205128,3.0703226364102565,99.72952979593846,7.803745698150147
79,2030,8,297.53771866666665,3.321174591794872,59.41538536763077,14.484325176515648
80,2030,9,291.85657692307694,2.965726542051282,35.55897480310154,11.057697487064209
81,2030,10,285.8505564615385,3.383854495897436,46.207444716553844,0.15356337872453654
82,2030,11,279.6802344102564,3.735641083589744,43.933333910399995,0.25984487552716484
83,2030,12,280.77477553846154,4.9391398651282055,85.20694929526154,0.1347262996585889
84,2031,1,276.93715692307694,4.529760202564103,55.271961027692306,0.13245806082727735
85,2031,2,278.31717328205133,4.631959766153846,53.891758997169234,0.13364853701775353
86,2031,3,282.2483567179487,4.451679154358974,44.708685303876926,0.3699856640461165
87,2031,4,287.6602175897436,4.169384683589743,58.145641769353844,2.235714539211247
88,2031,5,293.65376564102564,3.622613786153846,74.49429387323076,1.2837667163253155
89,2031,6,299.4561643589744,2.638666702564103,49.08051336073846,25.505739973214915
90,2031,7,299.47957128205127,2.9622167610256414,24.032258468086155,24.19088541655641
91,2031,8,298.3980173846154,3.1541605174358973,46.52506272738462,30.302510973954693
92,2031,9,295.04739656410254,3.0349402158974357,12.027179592664615,71.60522552419835
93,2031,10,288.817984,3.7243011394871792,30.491315453686155,5.163043649575053
94,2031,11,282.71023451282053,4.280632530769231,64.84615465403077,0.21759048390225658
95,2031,12,275.70254994871794,3.562382184102564,25.711166696566156,0.21033763375908787
96,2032,1,280.82757917948715,6.071381415384615,65.82282979790769,0.13139296632525557
97,2032,2,282.4386757435898,4.458284786666667,27.502387598326155,0.5850966247303617
98,2032,3,281.15636225641026,4.571447563589744,41.941935887261536,0.39975961492719836
99,2032,4,285.3067473846154,3.674529984615385,40.71641082535385,0.48176578129317554
100,2032,5,295.06106056410255,3.3445161753846158,50.817866894473845,8.073304394925165
101,2032,6,291.62151635897436,3.5852137292307695,104.05897578830769,0.3660567517986804
102,2032,7,296.0856924615385,3.689743649230769,85.00099390006153,9.001854821007369
103,2032,8,299.48478184615385,2.7573201589743586,17.094293070601847,44.19560854010614
104,2032,9,292.8552241538461,3.4266838112820515,45.600513268430774,17.222366987823133
105,2032,10,285.29666041025644,3.676575744102564,54.000497172184616,0.3174845992686407
106,2032,11,280.18698671794874,4.0498120256410255,83.40718069661538,0.1347262996585889
107,2032,12,277.24852164102566,3.9529198317948717,41.019851413661534,0.4098155079169468
108,2033,1,273.82623948717946,3.5899090676923078,38.94143977373538,0.019355906263438215
109,2033,2,275.731696974359,4.305824250769231,41.88406650313846,0.4065985189530296
110,2033,3,283.4744602051282,3.911447535897436,18.094789352713846,6.3500169758075256
111,2033,4,285.2444044102564,3.5829573184615384,42.67948763963077,0.16704250392804293
112,2033,5,294.68734671794874,3.061323452820513,75.79305326326154,2.0746822174679
113,2033,6,294.9159093846154,3.205230803076923,49.46051339712,10.235915803070808
114,2033,7,297.71735584615385,3.100297817948718,43.00198572317539,16.533306855817365
115,2033,8,298.08223446153846,3.129247374358975,68.7642689353846,15.66782205340763
116,2033,9,292.0677713333333,3.306290650769231,28.13589781188923,33.925394530856295
117,2033,10,286.6898614871795,3.5094624143589743,28.19255621627077,1.0177397712478544
118,2033,11,280.4507463076923,4.384307762051282,53.7005135675077,0.12561915680144603
119,2033,12,273.73356712820515,3.8332341205128206,23.205955646769233,0.6603634697455415
120,2034,1,276.61709076923074,3.5250124666666665,26.382134360713845,0.22436241269594892
121,2034,2,278.85907656410257,4.6595605374358975,31.096703595766154,0.4972907608226248
122,2034,3,283.6811602051282,3.601323472820513,18.168238403446153,4.3246734839327
123,2034,4,286.7546607179487,3.411965872307692,9.45692317710277,5.301180875998545
124,2034,5,292.88269599999995,3.1767080820512823,108.10967879187693,0.818213022933764
125,2034,6,297.11384153846154,3.1396239764102565,71.04307784123077,9.213615636040167
126,2034,7,297.06152328205127,3.474607164102564,68.45508758547692,9.294583123763115
127,2034,8,300.00893451282053,3.0321423123076925,35.96327597065846,27.33815146886967
128,2034,9,295.42770333333334,3.353846212307692,45.548205952098456,10.251565054802338
129,2034,10,287.5486706666667,3.7445492676923076,52.14541016935385,2.437832507975707
130,2034,11,279.9428665128205,4.095982972307692,58.41794951335385,0.12561915680144603
131,2034,12,277.74018533333333,4.131976907179488,46.126551613292314,0.2794829248521413
132,2035,1,276.4985132307692,3.6917122210256412,27.36923127995077,0.4185746931603484
133,2035,2,275.31026928205125,3.66084255948718,35.938462020923076,0.19990667833961787
134,2035,3,280.61450907692307,3.8006617748717946,36.35533526843077,0.41414171882593276
135,2035,4,283.4064394871795,3.83820518,25.82974387894154,0.6204110097884358
136,2035,5,290.5660416923077,3.5331514307692307,41.47146443298462,9.972026318811459
137,2035,6,292.31129271794873,3.4821026205128205,157.28872005415386,0.44010973943360376
138,2035,7,297.5776686666667,3.6293300851282053,111.39503889821538,12.82090809146889
139,2035,8,296.15869517948715,4.05210924,110.95831404110768,7.435712830173489
140,2035,9,291.6395676410256,3.644376126153846,24.070256780012304,33.01556401275723
141,2035,10,286.03674343589745,3.2429446328205125,49.800496749784614,0.4094298641132377
142,2035,11,280.89273005128206,4.12601716,34.55230807251692,0.4395604418691837
143,2035,12,279.0793742051282,4.260215106153846,47.733995533292315,0.27132350314614856
144,2036,1,276.3582490769231,3.937320154871795,24.36674964524308,0.5804728916058608
145,2036,2,276.6384651282051,4.194235270769231,30.428117098338465,0.49508700811268064
146,2036,3,278.6786457948718,3.760446712820513,20.681886255064615,0.6490192407723583
147,2036,4,285.7241309230769,3.49535046974359,58.07589839999999,0.1926737223077618
148,2036,5,290.0501775897436,3.1532506723076925,48.16476516406154,3.863556172653147
149,2036,6,294.9785077948718,3.441709448717949,63.1810267776,5.706602960383353
150,2036,7,296.84400543589743,3.5054260364102565,67.945906944,9.124912891844314
151,2036,8,297.31565287179484,3.09416052,31.421836733095382,36.9921827373893
152,2036,9,297.20570487179486,3.6540513292307693,19.68923111217231,66.1220205934788
153,2036,10,288.623956,3.3162117948717946,31.496774637932308,3.6036629600311136
154,2036,11,282.42730989743586,4.301094089230769,94.51948814473846,0.2112559134271541
155,2036,12,279.129148974359,4.589247414358975,46.08585660184615,0.3035975772202227
156,2037,1,276.72302974358973,3.8214888897435895,27.746402261316923,0.5183037102877656
157,2037,2,277.9551954871795,4.303901184615384,24.02197828238769,0.5947564225297313
158,2037,3,280.96996035897433,4.765905774871794,57.01240774523077,0.12561915680144603
159,2037,4,285.87987523076924,4.220666747692308,57.784103042953845,0.5952263056733001
160,2037,5,293.33422974358973,3.3943590241025645,55.97171268036923,9.585458808969735
161,2037,6,298.24042174358976,2.569538495897436,20.795384925193844,21.948635771821632
162,2037,7,300.3581013333333,2.960678291282051,13.042680044012307,40.49813474022506
163,2037,8,299.6576542051282,3.057717170769231,71.751365568,31.32243820183425
164,2037,9,293.0384737948718,3.0837607287179485,77.90359099126154,0.7885799096997317
165,2037,10,288.97795117948715,3.163639427179487,50.999504468676925,2.5745781234835805
166,2037,11,278.8153798974359,3.96810262,57.73128270867692,0.13017027614818832
167,2037,12,277.61475974358973,4.669859454358974,60.11811510203077,0.13245806082727735
168,2038,1,276.45553671794875,3.8458892323076923,35.18858608615385,0.42045118723241737
169,2038,2,277.7883275897436,4.060805932307693,22.3417584288,0.6339313295721779
170,2038,3,280.70213543589745,3.753531908205128,41.746898806892304,0.38975961492719835
171,2038,4,287.54597866666666,4.040854743589744,53.53538522289231,2.3356262094776556
172,2038,5,296.1210943076923,3.100082758974359,65.33598117046154,7.258318077383581
173,2038,6,298.1669683589744,2.9896923558974358,37.26615420553846,25.66444583266637
174,2038,7,298.5710368717949,2.9550869000000004,105.95533682215384,29.240558409897996
175,2038,8,297.85622994871795,3.523093517948718,57.27692388406154,13.427249304497643
176,2038,9,292.57310507692307,3.1424786779487177,15.190256598646155,18.481243427026033
177,2038,10,288.49277333333333,4.067411145128205,41.12952895606154,4.484040574389337
178,2038,11,281.0203698461538,4.35533342,56.460513495876924,0.12561915680144603
179,2038,12,280.78317753846153,4.855401267692308,64.6838713284923,0.13139296632525557
180,2039,1,278.6549401025641,4.242051338974359,69.2486361216,0.13927741900533117
181,2039,2,278.0788773846154,3.7118865051282053,28.007692537846154,0.4209810928378748
182,2039,3,278.54291374358974,3.941257282564102,38.57518646916923,0.4078260997233207
183,2039,4,287.2966436923077,3.5287350938461537,35.412308072861535,3.3108727727541423
184,2039,5,290.3157847179487,3.661009171282051,63.68039778904615,5.130683433130452
185,2039,6,296.3673455897436,3.3127009097435898,82.99230852627691,7.514900140372318
186,2039,7,297.6171403076923,3.243176238974359,53.72952908012308,14.781311094933177
187,2039,8,297.1192071282051,3.7646485225641024,60.26451685144615,10.956274747733335
188,2039,9,294.9231228717949,3.3511795384615386,21.14307727798154,68.93420892514084
189,2039,10,283.6063216923077,3.6598842635897437,36.459057478153845,0.3177259505092618
190,2039,11,279.80768682051286,4.193931665641026,61.66205223729231,0.12561915680144603
191,2039,12,279.75555194871794,4.8647312661538455,76.02928148381538,0.13139296632525557
192,2040,1,276.4532693846154,3.9831431497435896,39.761290607261536,0.40651517788394353
193,2040,2,279.0208162564103,3.6096198671794872,23.99310374267077,0.3333211765114959
194,2040,3,285.5462051794872,3.8803639758974358,13.875930678793846,17.081971288321267
195,2040,4,288.9208668205128,3.731623984102564,47.67692374080001,4.917599345004891
196,2040,5,290.0464047692308,3.726683278974359,48.791563833599994,8.606891251440887
197,2040,6,296.76469594871793,3.068324837948718,45.76820572578462,10.43162295287159
198,2040,7,299.655088974359,2.7759636502564105,43.559305651938466,27.97339025328498
199,2040,8,297.8107890769231,2.9683209676923075,49.49479004233846,13.453976490437434
200,2040,9,293.3552604102564,3.275094068717949,53.98410314436923,10.896171427393723
201,2040,10,289.04208641025645,3.818660106153846,7.270967811987692,7.423751811121703
202,2040,11,282.87563507692306,4.955230846666667,68.98051363347692,0.2186586516204531
203,2040,12,276.22420512820514,3.9811580405128204,24.104218626166155,0.594792264823638
204,2041,1,280.3073636923077,4.9743590497435894,69.79652698043077,0.13139296632525557
205,2041,2,279.01277733333336,4.883589828717949,31.046154172504618,0.5039191237957209
206,2041,3,285.23049066666664,4.762944663589744,46.48684918375384,0.7517832098329564
207,2041,4,287.9662837435897,3.469829103076923,43.78153906633846,3.039494498191564
208,2041,5,289.2155515897436,3.25923909025641,70.85508805661539,2.3322602148713574
209,2041,6,295.0542682051282,3.3412992000000004,54.62718047778461,7.084885024246493
210,2041,7,296.20301266666667,3.4944417405128205,40.00496340007385,11.15598231464485
211,2041,8,298.0912681025641,3.168370607179487,33.978660683815384,29.079210573765813
212,2041,9,290.1899258974359,3.5485470594871797,40.36153888910769,9.061229805936893
213,2041,10,287.01676030769227,3.9487345553846156,33.201985602461534,3.089292824337487
214,2041,11,280.19725912820513,3.8415556102564103,27.88769264123077,0.5031069011101994
215,2041,12,280.4922438974359,5.129876024102564,84.93846262449232,0.1347262996585889
216,2042,1,278.1701423589744,3.8824318225641026,24.366253479286154,0.587083665716953
217,2042,2,276.21554353846153,4.0981685687179485,20.689011155298463,0.611352702887285
218,2042,3,277.8856435897436,3.645409495897436,33.05707227913846,0.24405735806180842
219,2042,4,286.8598590769231,3.2198291169230773,8.350769287384615,4.908773285911387
220,2042,5,292.38647046153847,3.1834409184615384,40.600000565612305,20.55720685803278
221,2042,6,293.98596035897435,3.830188081025641,69.40000066707692,5.6011912282892595
222,2042,7,296.3076278974359,3.692225038974359,67.33498860775384,7.070521926604807
223,2042,8,297.99651107692307,3.281869368717949,77.74392178412307,17.801225254023404
224,2042,9,291.7950024102564,3.112359017948718,31.478974714633846,30.51203161471655
225,2042,10,288.65720630769226,3.302679953846154,11.072952968566154,7.231269823608098
226,2042,11,279.76980656410257,4.122136804615384,56.0123084448,0.12561915680144603
227,2042,12,276.13068846153845,3.7416874046153845,43.919603541415384,0.2666837795529961
228,2043,1,277.5128383076923,3.641753571794872,38.76129074658461,0.14025837451540865
229,2043,2,279.67841887179486,4.617435964615384,52.363187164799996,0.13978582346811272
230,2043,3,283.32653723076925,4.560148951282051,58.36923153747692,0.2582401946299504
231,2043,4,286.59997635897435,3.4703932138461537,51.79641067495385,0.907201654958729
232,2043,5,294.16266615384615,3.462167129230769,61.241688150646155,7.558430566157379
233,2043,6,294.41751517948717,3.417606877948718,67.10718028652308,5.260782658069352
234,2043,7,298.9004334358974,3.014359030769231,61.89478975163077,29.954459496660366
235,2043,8,300.41889353846153,2.63530194051282,15.271464301587693,34.353078798129395
236,2043,9,293.7297713846154,3.076290653333334,32.318462012455385,23.387769188739725
237,2043,10,286.99308676923073,3.6340612733333333,26.273945768123074,3.257046305154036
238,2043,11,280.18394297435896,4.087846214871795,44.31179538609231,0.2726440208263101
239,2043,12,277.4306714871795,4.047394607179487,39.61290352541538,0.4098485112172769
240,2044,1,279.43953928205127,4.501902464102564,42.00049683692308,0.39975961492719836
241,2044,2,279.12680897435894,4.1586561230769234,23.273209753698463,0.7220402621014926
242,2044,3,289.0220872307692,3.791348287692308,34.02729565587693,5.511912020022013
243,2044,4,286.20038712820514,3.6080171492307693,64.41179534916924,0.4558825285022171
244,2044,5,298.6548902564103,3.049859437948718,22.125062437056002,28.430810541144112
245,2044,6,293.7099264615385,3.0540000451282054,78.41077043593846,1.2964925478259814
246,2044,7,297.80615594871796,3.243606337948718,58.107693134769235,13.369105665646753
247,2044,8,296.61596692307694,3.4339454666666667,31.04615424162462,67.81192132356053
248,2044,9,292.987294,2.871162434871795,21.036410532332308,19.654629365758638
249,2044,10,286.99374907692305,3.5602316558974354,70.09181220627691,1.471796800981727
250,2044,11,279.4112086153846,3.4631624425641028,64.28256479556923,0.007900059861418198
251,2044,12,276.2063704615385,3.6114640825641025,12.288833891003078,2.6281360777113316
252,2045,1,277.20450102564104,4.059454148205128,36.86005017969231,0.4370295629267838
253,2045,2,279.2756346153846,4.92300372974359,50.70604447606154,0.284430910553556
254,2045,3,282.1642691794872,4.625376429230769,80.81885979470769,0.13683296632525557
255,2045,4,285.2669870769231,3.5719316723076924,52.06769283766153,0.17761582912560883
256,2045,5,290.8714492820513,3.5442680528205126,81.20943022375386,1.405001546447925
257,2045,6,294.4746777435897,3.2996410682051285,103.02205256861538,2.4224717107316573
258,2045,7,296.16961323076924,3.3574359497435893,80.9677430052923,7.452719264432068
259,2045,8,297.32347676923075,2.9745740866666663,85.12307802387693,17.396282693098907
260,2045,9,292.42884841025636,2.9982564533333336,64.38974454055385,11.61627680567918
261,2045,10,285.8468010769231,3.534061256923077,50.34193590793846,0.3555182133436601
262,2045,11,279.2360276923077,3.493623991282051,21.121025851273846,0.33320544905843763
263,2045,12,280.0108043076923,4.227841250769231,46.25359859963077,0.2726440208263101
264,2046,1,277.1271652307692,3.9564268589743588,29.75285400900923,0.49526438169369197
265,2046,2,276.4593708717949,4.409432314871794,26.042857409132306,0.5217799046667462
266,2046,3,284.9023006153846,4.4442184461538465,35.65359831655385,0.9208912434942479
267,2046,4,286.9704555897436,3.3369573056410258,18.477436117513847,3.587683419837249
268,2046,5,295.7709702564103,2.8255914487179488,64.01191133907692,5.496374636048167
269,2046,6,296.95700266666665,3.241384663076923,49.47846231655385,12.237883339448315
270,2046,7,297.13922502564105,3.4504053523076927,78.69925651347693,9.027326231014476
271,2046,8,299.96959635897434,2.9986931784615383,23.69032295527385,25.18431037528774
272,2046,9,292.57649035897435,3.3942906507692308,44.27846202018461,18.70776618947518
273,2046,10,286.7775702051282,3.246981034871795,51.34243244898462,0.8378936452351643
274,2046,11,281.08059317948715,4.160444512820513,43.25333368984615,0.39902243544001886
275,2046,12,280.0910868205128,4.297799923076923,71.8972714811077,0.13139296632525557
276,2047,1,276.8276935384616,3.898147282051282,27.772208808812312,0.521637043621099
277,2047,2,276.5903789230769,3.749285778974359,38.52747299298462,0.39996895686617784
278,2047,3,282.6322438974359,4.7128867543589745,71.37072042535384,0.22588460973766156
279,2047,4,288.32637056410255,3.807213728717949,36.801538919335385,4.790099684177594
280,2047,5,291.2935188205128,3.3418031917948716,84.9861054985846,0.6755777543287548
281,2047,6,295.3413965128205,3.259059880512821,58.71794960713846,6.605113622862898
282,2047,7,297.4996207179487,3.288552590769231,64.71761890264615,13.903620207722819
283,2047,8,298.0414740512821,3.3894458779487175,89.98809046006154,17.835160360684537
284,2047,9,294.72731066666665,3.2203932138461537,21.494359299544616,68.55395675863925
285,2047,10,287.5784964102564,3.372721326153846,22.901241099766157,3.9470190089834127
286,2047,11,277.02977333333337,3.0719658553846156,15.947692536073847,1.6877080810488978
287,2047,12,279.1429144102564,4.33502075948718,50.99801539126154,0.284430910553556
288,2048,1,275.32511307692306,3.8510008846153845,31.78808963490462,0.4550870081126808
289,2048,2,275.5727184102564,3.6653404764102566,7.688063745526154,2.9072593562883506
290,2048,3,280.8876125641026,4.053664234358974,24.73995066092308,0.5686487608724706
291,2048,4,286.78156743589744,3.6490598779487176,46.57794933710769,1.7280598144001609
292,2048,5,292.6142462051282,3.5630604399999997,50.45210985821538,16.180641719463406
293,2048,6,296.37884866666667,3.1668889297435894,49.41384686695385,9.165150126557725
294,2048,7,295.81300466666664,3.6597022805128203,90.6084380736,3.5033015039129896
295,2048,8,297.53728943589743,2.837469023076923,87.80446738412307,8.358325651313866
296,2048,9,294.7136523076923,3.104205176923077,17.13128222281846,87.56038892420206
297,2048,10,288.2238875897436,3.0644003825641026,18.06749404681846,2.7600009807588477
298,2048,11,280.60744825641024,4.392376121538462,77.61179604627692,0.1347262996585889
299,2048,12,274.9784970769231,3.5800166025641023,10.617866075076922,2.800586300395251
300,2049,1,276.5967091794872,3.9048139482051285,25.309677754633846,0.5323334376140503
301,2049,2,274.0014037435897,3.5724176487179484,11.380769379249232,2.685642131842386
302,2049,3,280.76069635897437,3.887411128205128,46.93945462670769,0.25984487552716484
303,2049,4,289.58090076923077,3.4402222743589745,20.710256719901537,7.71017627908971
304,2049,5,294.3236908205128,3.2347560594871796,45.10868542227692,11.155218106993367
305,2049,6,295.2202849230769,2.975880376923077,53.403077682166156,5.9070946360619745
306,2049,7,298.1189272820513,3.289727104615385,61.28734567901538,18.39568080661524
307,2049,8,298.1653447692307,2.8180314774358974,46.59950446892307,25.144948716328962
308,2049,9,293.84737953846155,3.2412821051282052,36.22974396391385,17.467254270665645
309,2049,10,283.59042312820515,3.4490323025641025,55.20843746806153,0.12981131680178787
310,2049,11,282.5808138974359,4.019230824615385,69.5815392827077,0.230917113818925
311,2049,12,279.36084625641024,4.284416956923077,23.01885891515077,0.7537618022958926
312,2050,1,271.5021362051282,3.409859448205128,26.886352663384613,0.0917323434412128
313,2050,2,273.9734546153846,3.4956044723076922,13.14615399995077,2.4874805943058487
314,2050,3,284.8163291794872,4.53035575025641,50.244169230276924,0.5491221516918084
315,2050,4,288.2844057948718,3.3858803897435896,40.933333756799996,3.1559258901424134
316,2050,5,293.0660078461538,3.5528205712820515,73.70918243003076,1.224705496844893
317,2050,6,298.21984174358977,2.6812308025641025,46.80000060036923,26.59965308998919
318,2050,7,296.3717801025641,3.349197728717949,51.78759362407385,8.46909983690263
319,2050,8,298.27911015384615,3.095020727179487,79.74144025698462,22.84666753760405
320,2050,9,294.8559766153846,3.241846201025641,21.167179707766156,68.86183109116796
321,2050,10,289.0988113846154,3.3746733353846157,21.329528855483076,5.160052291989354
322,2050,11,281.94348256410257,3.6994188594871793,50.071795401600006,0.16756275913712232
323,2050,12,280.39935743589746,4.3514310025641025,55.01141521476923,0.12561915680144603
324,2051,1,276.1777695384615,4.390951281538462,46.72406994092308,0.2794829248521413
325,2051,2,278.8007447179487,4.43787556974359,39.6494509248,0.41089405987152117
326,2051,3,279.73713933333335,4.069859462051282,40.989082306707694,0.4063099372244489
327,2051,4,288.16180564102564,3.6829744112820513,37.70410307150769,5.953615515884549
328,2051,5,294.58640456410257,3.106517838461538,45.03970299633231,8.551840376708377
329,2051,6,292.59131005128205,3.2751966338461536,122.49436029341538,0.4977557286035701
330,2051,7,299.7938652820513,2.6466170917948717,30.867990384738462,24.670378973038147
331,2051,8,299.2119136923077,2.784847026153846,44.71761858668308,30.766919596232043
332,2051,9,293.2624217948718,2.9749915030769234,34.87589783468308,9.974599973029918
333,2051,10,290.93295466666666,2.8202151041025645,6.989578282323692,12.407927752662596
334,2051,11,283.4938747692308,4.334444500512821,65.84000066806153,0.2684773209242254
335,2051,12,280.47512312820515,4.33467335025641,51.317122080738464,0.21189693457922384
336,2052,1,273.16671830769235,3.5883044435897435,25.71265553073231,0.21033763375908787
337,2052,2,280.50914425641025,4.799115902564102,46.916180885907686,0.2726440208263101
338,2052,3,282.46923225641024,3.5949545615384615,21.94342457826462,0.3500710424651176
339,2052,4,288.7639771794872,3.45591458,16.586153989366153,5.412202342435072
340,2052,5,291.87522215384615,3.4137138574358974,25.221836626560002,34.73576882568938
341,2052,6,294.4328318461539,3.3454017558974356,86.37794956356923,2.5177307090635646
342,2052,7,295.88433502564106,3.5408933605128206,137.67940630744616,3.7834968947197103
343,2052,8,297.72577646153843,3.0194210466666664,62.24317708873846,15.510202245082644
344,2052,9,291.97876364102564,3.311880378974359,31.357436317144614,42.304441864355184
345,2052,10,286.1214249230769,3.5914640825641024,42.651117149538464,0.808559838825543
346,2052,11,278.7741825641026,3.4219487784615383,39.80769296344616,0.020714112295211376
347,2052,12,280.54121025641024,4.922746155897436,33.84367287950769,0.45605397002139225
348,2053,1,278.0915815384615,4.187295352820513,30.97667529216,0.49508700811268064
349,2053,2,277.7236746666667,4.401153905128205,29.457143195372307,0.49819765898204255
350,2053,3,283.6264035897436,4.333912368205128,42.094789430400006,0.5322048657146485
351,2053,4,290.8996523589744,3.713846216410256,15.772307856147691,16.86148924113835
352,2053,5,296.56319435897433,2.8958313123076924,55.54193605144616,6.630389781563667
353,2053,6,294.9874991282051,3.3108205584615384,49.84307764061539,8.725850353097176
354,2053,7,298.23857933333335,3.225111712820513,81.95632882116922,23.019303431995876
355,2053,8,298.0243187692308,3.250289543589744,55.783623356307686,17.67651203771718
356,2053,9,295.81076405128204,2.7684957697435895,16.893846405415385,62.19215992289498
357,2053,10,285.9870987179487,3.7754508425641022,48.88039745575385,0.9036131218885011
358,2053,11,278.8100965128205,3.9104274051282055,76.91948821218462,0.12314494037285251
359,2053,12,272.4854286666667,3.3041687846153844,27.87146441235692,0.08570384627524026
360,2054,1,274.43601410256406,4.323837953846154,51.345409819569234,0.21873583860505513
